INSERT INTO eledger_config.el_gl_account_part
(id, parent_id, code, full_code, status, creation_date_time, last_modification_date_time, start_of_validity,
 end_of_validity, gl_account_part_type_id)
VALUES (1, NULL, '1', '1', 'ACTIVE', '2021-11-22 02:44:17.177', '2021-11-22 02:44:17.177', '2021-11-22 00:00:00.000',
        NULL, 1);
INSERT INTO eledger_config.el_gl_account_part
(id, parent_id, code, full_code, status, creation_date_time, last_modification_date_time, start_of_validity,
 end_of_validity, gl_account_part_type_id)
VALUES (2, 1, '1', '11', 'ACTIVE', '2021-11-22 02:45:03.587', '2021-11-22 02:45:03.587', '2021-11-22 00:00:00.000',
        NULL, 2);
INSERT INTO eledger_config.el_gl_account_part
(id, parent_id, code, full_code, status, creation_date_time, last_modification_date_time, start_of_validity,
 end_of_validity, gl_account_part_type_id)
VALUES (3, 2, '4', '114', 'ACTIVE', '2021-11-22 02:45:45.782', '2021-11-22 02:45:45.782', '2021-11-22 00:00:00.000',
        NULL, 3);
INSERT INTO eledger_config.el_gl_account_part
(id, parent_id, code, full_code, status, creation_date_time, last_modification_date_time, start_of_validity,
 end_of_validity, gl_account_part_type_id)
VALUES (4, 3, '1', '1141', 'ACTIVE', '2021-11-22 02:46:09.850', '2021-11-22 02:46:09.850', '2021-11-22 00:00:00.000',
        NULL, 4);
INSERT INTO eledger_config.el_gl_account_part
(id, parent_id, code, full_code, status, creation_date_time, last_modification_date_time, start_of_validity,
 end_of_validity, gl_account_part_type_id)
VALUES (5, 4, '1', '11411', 'ACTIVE', '2021-11-22 02:46:43.983', '2021-11-22 02:46:43.983', '2021-11-22 00:00:00.000',
        NULL, 5);
INSERT INTO eledger_config.el_gl_account_part
(id, parent_id, code, full_code, status, creation_date_time, last_modification_date_time, start_of_validity,
 end_of_validity, gl_account_part_type_id)
VALUES (6, 5, '01', '1141101', 'ACTIVE', '2021-11-22 02:47:18.205', '2021-11-22 02:47:18.205',
        '2021-11-22 00:00:00.000', NULL, 6);
INSERT INTO eledger_config.el_gl_account_part
(id, parent_id, code, full_code, status, creation_date_time, last_modification_date_time, start_of_validity,
 end_of_validity, gl_account_part_type_id)
VALUES (7, 6, '0020', '11411010020', 'ACTIVE', '2021-11-22 02:47:56.282', '2021-11-22 02:47:56.282',
        '2021-11-22 00:00:00.000', NULL, 7);
INSERT INTO eledger_config.el_gl_account_part
(id, parent_id, code, full_code, status, creation_date_time, last_modification_date_time, start_of_validity,
 end_of_validity, gl_account_part_type_id)
VALUES (8, 5, '02', '1141102', 'ACTIVE', '2021-11-22 02:50:00.918', '2021-11-22 02:50:00.918',
        '2021-11-22 00:00:00.000', NULL, 6);
INSERT INTO eledger_config.el_gl_account_part
(id, parent_id, code, full_code, status, creation_date_time, last_modification_date_time, start_of_validity,
 end_of_validity, gl_account_part_type_id)
VALUES (9, 8, '0001', '11411020001', 'ACTIVE', '2021-11-22 02:50:20.672', '2021-11-22 02:50:20.672',
        '2021-11-22 00:00:00.000', NULL, 7);
INSERT INTO eledger_config.el_gl_account_part
(id, parent_id, code, full_code, status, creation_date_time, last_modification_date_time, start_of_validity,
 end_of_validity, gl_account_part_type_id)
VALUES (10, 3, '2', '1142', 'ACTIVE', '2021-11-22 02:51:41.184', '2021-11-22 02:51:41.184', '2021-11-22 00:00:00.000',
        NULL, 4);
INSERT INTO eledger_config.el_gl_account_part
(id, parent_id, code, full_code, status, creation_date_time, last_modification_date_time, start_of_validity,
 end_of_validity, gl_account_part_type_id)
VALUES (11, 10, '1', '11421', 'ACTIVE', '2021-11-22 02:52:12.225', '2021-11-22 02:52:12.225', '2021-11-22 00:00:00.000',
        NULL, 5);
INSERT INTO eledger_config.el_gl_account_part
(id, parent_id, code, full_code, status, creation_date_time, last_modification_date_time, start_of_validity,
 end_of_validity, gl_account_part_type_id)
VALUES (12, 11, '01', '1142101', 'ACTIVE', '2021-11-22 02:52:42.988', '2021-11-22 02:52:42.988',
        '2021-11-22 00:00:00.000', NULL, 6);
INSERT INTO eledger_config.el_gl_account_part
(id, parent_id, code, full_code, status, creation_date_time, last_modification_date_time, start_of_validity,
 end_of_validity, gl_account_part_type_id)
VALUES (13, 12, '0020', '11421010020', 'ACTIVE', '2021-11-22 02:52:56.430', '2021-11-22 02:52:56.430',
        '2021-11-22 00:00:00.000', NULL, 7);
INSERT INTO eledger_config.el_gl_account_part
(id, parent_id, code, full_code, status, creation_date_time, last_modification_date_time, start_of_validity,
 end_of_validity, gl_account_part_type_id)
VALUES (14, 11, '02', '1142102', 'ACTIVE', '2021-11-22 02:56:01.590', '2021-11-22 02:56:01.590',
        '2021-11-22 00:00:00.000', NULL, 6);
INSERT INTO eledger_config.el_gl_account_part
(id, parent_id, code, full_code, status, creation_date_time, last_modification_date_time, start_of_validity,
 end_of_validity, gl_account_part_type_id)
VALUES (15, 14, '0020', '11421020020', 'ACTIVE', '2021-11-22 02:56:29.999', '2021-11-22 02:56:29.999',
        '2021-11-22 00:00:00.000', NULL, 7);
INSERT INTO eledger_config.el_gl_account_part
(id, parent_id, code, full_code, status, creation_date_time, last_modification_date_time, start_of_validity,
 end_of_validity, gl_account_part_type_id)
VALUES (16, NULL, '2', '2', 'ACTIVE', '2021-11-22 11:12:55.602', '2021-11-22 11:12:55.602', '2021-11-22 00:00:00.000',
        NULL, 1);
INSERT INTO eledger_config.el_gl_account_part
(id, parent_id, code, full_code, status, creation_date_time, last_modification_date_time, start_of_validity,
 end_of_validity, gl_account_part_type_id)
VALUES (17, NULL, 'Thebhsd', 'Thebhsd', 'ACTIVE', '2021-11-22 13:57:44.247', '2021-11-22 13:57:44.247',
        '2021-11-22 00:00:00.000', NULL, 1);
INSERT INTO eledger_config.el_gl_account_part
(id, parent_id, code, full_code, status, creation_date_time, last_modification_date_time, start_of_validity,
 end_of_validity, gl_account_part_type_id)
VALUES (18, NULL, 'uai6ydsqw8', 'uai6ydsqw8', 'ACTIVE', '2021-11-22 13:57:44.247', '2021-11-22 13:57:44.247',
        '2021-11-22 00:00:00.000', NULL, 1);
INSERT INTO eledger_config.el_gl_account_part
(id, parent_id, code, full_code, status, creation_date_time, last_modification_date_time, start_of_validity,
 end_of_validity, gl_account_part_type_id)
VALUES (19, 5, '99', '1141199', 'ACTIVE', '2021-11-22 22:23:07.218', '2021-11-22 22:23:07.218',
        '2021-11-22 00:00:00.000', NULL, 6);
INSERT INTO eledger_config.el_gl_account_part
(id, parent_id, code, full_code, status, creation_date_time, last_modification_date_time, start_of_validity,
 end_of_validity, gl_account_part_type_id)
VALUES (20, 19, '0001', '11411990001', 'ACTIVE', '2021-11-22 22:24:52.824', '2021-11-22 22:24:52.824',
        '2021-11-22 00:00:00.000', NULL, 7);
INSERT INTO eledger_config.el_gl_account_part
(id, parent_id, code, full_code, status, creation_date_time, last_modification_date_time, start_of_validity,
 end_of_validity, gl_account_part_type_id)
VALUES (21, 19, '0002', '11411990002', 'ACTIVE', '2021-11-22 22:25:59.815', '2021-11-22 22:25:59.815',
        '2021-11-22 00:00:00.000', NULL, 7);
INSERT INTO eledger_config.el_gl_account_part
(id, parent_id, code, full_code, status, creation_date_time, last_modification_date_time, start_of_validity,
 end_of_validity, gl_account_part_type_id)
VALUES (22, 11, '99', '1142199', 'ACTIVE', '2021-11-22 22:27:48.349', '2021-11-22 22:27:48.349',
        '2021-11-22 00:00:00.000', NULL, 6);
INSERT INTO eledger_config.el_gl_account_part
(id, parent_id, code, full_code, status, creation_date_time, last_modification_date_time, start_of_validity,
 end_of_validity, gl_account_part_type_id)
VALUES (23, 22, '0001', '11421990001', 'ACTIVE', '2021-11-22 22:28:48.239', '2021-11-22 22:28:48.239',
        '2021-11-22 00:00:00.000', NULL, 7);
INSERT INTO eledger_config.el_gl_account_part
(id, parent_id, code, full_code, status, creation_date_time, last_modification_date_time, start_of_validity,
 end_of_validity, gl_account_part_type_id)
VALUES (24, 22, '0002', '11421990002', 'ACTIVE', '2021-11-22 22:29:50.562', '2021-11-22 22:29:50.562',
        '2021-11-22 00:00:00.000', NULL, 7);

INSERT INTO eledger_config.el_gl_account_part_description
    (id, language_code, value, gl_account_part_id)
VALUES (1, 'en', 'Revenue', 1);
INSERT INTO eledger_config.el_gl_account_part_description
    (id, language_code, value, gl_account_part_id)
VALUES (2, 'en', 'Tax', 2);
INSERT INTO eledger_config.el_gl_account_part_description
    (id, language_code, value, gl_account_part_id)
VALUES (3, 'en', 'Taxes on Goods and Services', 3);
INSERT INTO eledger_config.el_gl_account_part_description
    (id, language_code, value, gl_account_part_id)
VALUES (4, 'en', 'General Taxes on Goods and Services', 4);
INSERT INTO eledger_config.el_gl_account_part_description
    (id, language_code, value, gl_account_part_id)
VALUES (5, 'en', 'Goods and Services Tax', 5);
INSERT INTO eledger_config.el_gl_account_part_description
    (id, language_code, value, gl_account_part_id)
VALUES (6, 'en', 'Goods and Service Tax (POE)', 6);
INSERT INTO eledger_config.el_gl_account_part_description
    (id, language_code, value, gl_account_part_id)
VALUES (7, 'en', 'Goods and Service Tax (POE)', 7);
INSERT INTO eledger_config.el_gl_account_part_description
    (id, language_code, value, gl_account_part_id)
VALUES (8, 'en', 'Goods and Service Tax (POS)', 8);
INSERT INTO eledger_config.el_gl_account_part_description
    (id, language_code, value, gl_account_part_id)
VALUES (9, 'en', 'Goods and Service Tax (POS)', 9);
INSERT INTO eledger_config.el_gl_account_part_description
    (id, language_code, value, gl_account_part_id)
VALUES (10, 'en', 'Excise', 10);
INSERT INTO eledger_config.el_gl_account_part_description
    (id, language_code, value, gl_account_part_id)
VALUES (11, 'en', 'Excise Equalization  Tax', 11);
INSERT INTO eledger_config.el_gl_account_part_description
    (id, language_code, value, gl_account_part_id)
VALUES (12, 'en', 'Excise Equalization  Tax(POE)', 12);
INSERT INTO eledger_config.el_gl_account_part_description
    (id, language_code, value, gl_account_part_id)
VALUES (13, 'en', 'Excise Equalization  Tax(POE)', 13);
INSERT INTO eledger_config.el_gl_account_part_description
    (id, language_code, value, gl_account_part_id)
VALUES (14, 'en', 'Excise Equalization  Tax(POS)', 14);
INSERT INTO eledger_config.el_gl_account_part_description
    (id, language_code, value, gl_account_part_id)
VALUES (15, 'en', 'Excise Equalization  Tax(POS)', 15);
INSERT INTO eledger_config.el_gl_account_part_description
    (id, language_code, value, gl_account_part_id)
VALUES (16, 'en', 'Non-Rev', 16);
INSERT INTO eledger_config.el_gl_account_part_description
    (id, language_code, value, gl_account_part_id)
VALUES (17, 'en', 'iysatyda', 17);
INSERT INTO eledger_config.el_gl_account_part_description
    (id, language_code, value, gl_account_part_id)
VALUES (18, 'en', 'yid76ytqwuyidytu', 18);
INSERT INTO eledger_config.el_gl_account_part_description
    (id, language_code, value, gl_account_part_id)
VALUES (19, 'en', 'Goods and Service Tax (Pen.,Int)', 19);
INSERT INTO eledger_config.el_gl_account_part_description
    (id, language_code, value, gl_account_part_id)
VALUES (20, 'en', 'Interest (GST)', 20);
INSERT INTO eledger_config.el_gl_account_part_description
    (id, language_code, value, gl_account_part_id)
VALUES (21, 'en', 'Fines and Penalties (GST)', 21);
INSERT INTO eledger_config.el_gl_account_part_description
    (id, language_code, value, gl_account_part_id)
VALUES (22, 'en', 'Excise Equalization  Tax(Pen.,Int.)', 22);
INSERT INTO eledger_config.el_gl_account_part_description
    (id, language_code, value, gl_account_part_id)
VALUES (23, 'en', 'Interest (EET)', 23);
INSERT INTO eledger_config.el_gl_account_part_description
    (id, language_code, value, gl_account_part_id)
VALUES (24, 'en', 'Fines and Penalties (EET)', 24);

INSERT INTO eledger_config.el_gl_account
(id, code, status, creation_date_time, last_modification_date_time, start_of_validity, end_of_validity,
 gl_account_last_part_id)
VALUES (1, '11411010020', 'ACTIVE', '2021-11-22 02:47:56.287', '2021-11-22 02:47:56.287', '2021-11-22 00:00:00.000',
        NULL, 7);
INSERT INTO eledger_config.el_gl_account
(id, code, status, creation_date_time, last_modification_date_time, start_of_validity, end_of_validity,
 gl_account_last_part_id)
VALUES (2, '11411020001', 'ACTIVE', '2021-11-22 02:50:20.676', '2021-11-22 02:50:20.676', '2021-11-22 00:00:00.000',
        NULL, 9);
INSERT INTO eledger_config.el_gl_account
(id, code, status, creation_date_time, last_modification_date_time, start_of_validity, end_of_validity,
 gl_account_last_part_id)
VALUES (3, '11421010020', 'ACTIVE', '2021-11-22 02:52:56.434', '2021-11-22 02:52:56.434', '2021-11-22 00:00:00.000',
        NULL, 13);
INSERT INTO eledger_config.el_gl_account
(id, code, status, creation_date_time, last_modification_date_time, start_of_validity, end_of_validity,
 gl_account_last_part_id)
VALUES (4, '11421020020', 'ACTIVE', '2021-11-22 02:56:30.002', '2021-11-22 02:56:30.002', '2021-11-22 00:00:00.000',
        NULL, 15);
INSERT INTO eledger_config.el_gl_account
(id, code, status, creation_date_time, last_modification_date_time, start_of_validity, end_of_validity,
 gl_account_last_part_id)
VALUES (5, '11411990001', 'ACTIVE', '2021-11-22 22:24:52.828', '2021-11-22 22:24:52.828', '2021-11-22 00:00:00.000',
        NULL, 20);
INSERT INTO eledger_config.el_gl_account
(id, code, status, creation_date_time, last_modification_date_time, start_of_validity, end_of_validity,
 gl_account_last_part_id)
VALUES (6, '11411990002', 'ACTIVE', '2021-11-22 22:25:59.817', '2021-11-22 22:25:59.817', '2021-11-22 00:00:00.000',
        NULL, 21);
INSERT INTO eledger_config.el_gl_account
(id, code, status, creation_date_time, last_modification_date_time, start_of_validity, end_of_validity,
 gl_account_last_part_id)
VALUES (7, '11421990001', 'ACTIVE', '2021-11-22 22:28:48.242', '2021-11-22 22:28:48.242', '2021-11-22 00:00:00.000',
        NULL, 23);
INSERT INTO eledger_config.el_gl_account
(id, code, status, creation_date_time, last_modification_date_time, start_of_validity, end_of_validity,
 gl_account_last_part_id)
VALUES (8, '11421990002', 'ACTIVE', '2021-11-22 22:29:50.565', '2021-11-22 22:29:50.565', '2021-11-22 00:00:00.000',
        NULL, 24);

INSERT INTO eledger_config.el_gl_account_description
    (id, language_code, value, gl_account_id)
VALUES (1, 'en', 'Goods and Service Tax (POE)', 1);
INSERT INTO eledger_config.el_gl_account_description
    (id, language_code, value, gl_account_id)
VALUES (2, 'en', 'Goods and Service Tax (POS)', 2);
INSERT INTO eledger_config.el_gl_account_description
    (id, language_code, value, gl_account_id)
VALUES (3, 'en', 'Excise Equalization  Tax(POE)', 3);
INSERT INTO eledger_config.el_gl_account_description
    (id, language_code, value, gl_account_id)
VALUES (4, 'en', 'Excise Equalization  Tax(POS)', 4);
INSERT INTO eledger_config.el_gl_account_description
    (id, language_code, value, gl_account_id)
VALUES (5, 'en', 'Interest (GST)', 5);
INSERT INTO eledger_config.el_gl_account_description
    (id, language_code, value, gl_account_id)
VALUES (6, 'en', 'Fines and Penalties (GST)', 6);
INSERT INTO eledger_config.el_gl_account_description
    (id, language_code, value, gl_account_id)
VALUES (7, 'en', 'Interest (EET)', 7);
INSERT INTO eledger_config.el_gl_account_description
    (id, language_code, value, gl_account_id)
VALUES (8, 'en', 'Fines and Penalties (EET)', 8);

ALTER SEQUENCE eledger_config.el_gl_account_id_seq START WITH 1000;
ALTER SEQUENCE eledger_config.el_gl_account_description_id_seq START WITH 1000;
ALTER SEQUENCE eledger_config.el_gl_account_part_id_seq START WITH 1000;
ALTER SEQUENCE eledger_config.el_gl_account_part_description_id_seq START WITH 1000;
