INSERT INTO eledger_config.el_gl_account_part
(id, parent_id, code, full_code, creation_date_time, last_modification_date_time, gl_account_part_type_id)
VALUES (1, NULL, '1', '1', '2021-11-22 02:44:17.177', '2021-11-22 02:44:17.177', 1);
INSERT INTO eledger_config.el_gl_account_part
(id, parent_id, code, full_code, creation_date_time, last_modification_date_time, gl_account_part_type_id)
VALUES (2, 1, '1', '11', '2021-11-22 02:45:03.587', '2021-11-22 02:45:03.587', 2);
INSERT INTO eledger_config.el_gl_account_part
(id, parent_id, code, full_code, creation_date_time, last_modification_date_time, gl_account_part_type_id)
VALUES (3, 2, '4', '114', '2021-11-22 02:45:45.782', '2021-11-22 02:45:45.782', 3);
INSERT INTO eledger_config.el_gl_account_part
(id, parent_id, code, full_code, creation_date_time, last_modification_date_time, gl_account_part_type_id)
VALUES (4, 3, '1', '1141', '2021-11-22 02:46:09.850', '2021-11-22 02:46:09.850', 4);
INSERT INTO eledger_config.el_gl_account_part
(id, parent_id, code, full_code, creation_date_time, last_modification_date_time, gl_account_part_type_id)
VALUES (5, 4, '1', '11411', '2021-11-22 02:46:43.983', '2021-11-22 02:46:43.983', 5);
INSERT INTO eledger_config.el_gl_account_part
(id, parent_id, code, full_code, creation_date_time, last_modification_date_time, gl_account_part_type_id)
VALUES (6, 5, '01', '1141101', '2021-11-22 02:47:18.205', '2021-11-22 02:47:18.205', 6);
INSERT INTO eledger_config.el_gl_account_part
(id, parent_id, code, full_code, creation_date_time, last_modification_date_time, gl_account_part_type_id)
VALUES (7, 6, '0020', '11411010020', '2021-11-22 02:47:56.282', '2021-11-22 02:47:56.282', 7);
INSERT INTO eledger_config.el_gl_account_part
(id, parent_id, code, full_code, creation_date_time, last_modification_date_time, gl_account_part_type_id)
VALUES (8, 5, '02', '1141102', '2021-11-22 02:50:00.918', '2021-11-22 02:50:00.918', 6);
INSERT INTO eledger_config.el_gl_account_part
(id, parent_id, code, full_code, creation_date_time, last_modification_date_time, gl_account_part_type_id)
VALUES (9, 8, '0001', '11411020001', '2021-11-22 02:50:20.672', '2021-11-22 02:50:20.672', 7);
INSERT INTO eledger_config.el_gl_account_part
(id, parent_id, code, full_code, creation_date_time, last_modification_date_time, gl_account_part_type_id)
VALUES (10, 3, '2', '1142', '2021-11-22 02:51:41.184', '2021-11-22 02:51:41.184', 4);
INSERT INTO eledger_config.el_gl_account_part
(id, parent_id, code, full_code, creation_date_time, last_modification_date_time, gl_account_part_type_id)
VALUES (11, 10, '1', '11421', '2021-11-22 02:52:12.225', '2021-11-22 02:52:12.225', 5);
INSERT INTO eledger_config.el_gl_account_part
(id, parent_id, code, full_code, creation_date_time, last_modification_date_time, gl_account_part_type_id)
VALUES (12, 11, '01', '1142101', '2021-11-22 02:52:42.988', '2021-11-22 02:52:42.988', 6);
INSERT INTO eledger_config.el_gl_account_part
(id, parent_id, code, full_code, creation_date_time, last_modification_date_time, gl_account_part_type_id)
VALUES (13, 12, '0020', '11421010020', '2021-11-22 02:52:56.430', '2021-11-22 02:52:56.430', 7);
INSERT INTO eledger_config.el_gl_account_part
(id, parent_id, code, full_code, creation_date_time, last_modification_date_time, gl_account_part_type_id)
VALUES (14, 11, '02', '1142102', '2021-11-22 02:56:01.590', '2021-11-22 02:56:01.590', 6);
INSERT INTO eledger_config.el_gl_account_part
(id, parent_id, code, full_code, creation_date_time, last_modification_date_time, gl_account_part_type_id)
VALUES (15, 14, '0020', '11421020020', '2021-11-22 02:56:29.999', '2021-11-22 02:56:29.999', 7);
INSERT INTO eledger_config.el_gl_account_part
(id, parent_id, code, full_code, creation_date_time, last_modification_date_time, gl_account_part_type_id)
VALUES (16, NULL, '2', '2', '2021-11-22 11:12:55.602', '2021-11-22 11:12:55.602', 1);

INSERT INTO eledger_config.el_gl_account_part
(id, parent_id, code, full_code, creation_date_time, last_modification_date_time, gl_account_part_type_id)
VALUES (19, 5, '99', '1141199', '2021-11-22 22:23:07.218', '2021-11-22 22:23:07.218', 6);
INSERT INTO eledger_config.el_gl_account_part
(id, parent_id, code, full_code, creation_date_time, last_modification_date_time, gl_account_part_type_id)
VALUES (20, 19, '0001', '11411990001', '2021-11-22 22:24:52.824', '2021-11-22 22:24:52.824', 7);
INSERT INTO eledger_config.el_gl_account_part
(id, parent_id, code, full_code, creation_date_time, last_modification_date_time, gl_account_part_type_id)
VALUES (21, 19, '0002', '11411990002', '2021-11-22 22:25:59.815', '2021-11-22 22:25:59.815', 7);
INSERT INTO eledger_config.el_gl_account_part
(id, parent_id, code, full_code, creation_date_time, last_modification_date_time, gl_account_part_type_id)
VALUES (22, 11, '99', '1142199', '2021-11-22 22:27:48.349', '2021-11-22 22:27:48.349', 6);
INSERT INTO eledger_config.el_gl_account_part
(id, parent_id, code, full_code, creation_date_time, last_modification_date_time, gl_account_part_type_id)
VALUES (23, 22, '0001', '11421990001', '2021-11-22 22:28:48.239', '2021-11-22 22:28:48.239', 7);
INSERT INTO eledger_config.el_gl_account_part
(id, parent_id, code, full_code, creation_date_time, last_modification_date_time, gl_account_part_type_id)
VALUES (24, 22, '0002', '11421990002', '2021-11-22 22:29:50.562', '2021-11-22 22:29:50.562', 7);

INSERT INTO eledger_config.el_gl_account_part_description
    (id, language_code, value, gl_account_part_id)
VALUES (1, 'en', 'Revenue', 1);
INSERT INTO eledger_config.el_gl_account_part_description
    (id, language_code, value, gl_account_part_id)
VALUES (2, 'en', 'Tax', 2);
INSERT INTO eledger_config.el_gl_account_part_description
    (id, language_code, value, gl_account_part_id)
VALUES (3, 'en', 'Taxes on Goods and Services', 3);
INSERT INTO eledger_config.el_gl_account_part_description
    (id, language_code, value, gl_account_part_id)
VALUES (4, 'en', 'General Taxes on Goods and Services', 4);
INSERT INTO eledger_config.el_gl_account_part_description
    (id, language_code, value, gl_account_part_id)
VALUES (5, 'en', 'Goods and Services Tax', 5);
INSERT INTO eledger_config.el_gl_account_part_description
    (id, language_code, value, gl_account_part_id)
VALUES (6, 'en', 'Goods and Service Tax (POE)', 6);
INSERT INTO eledger_config.el_gl_account_part_description
    (id, language_code, value, gl_account_part_id)
VALUES (7, 'en', 'Goods and Service Tax (POE)', 7);
INSERT INTO eledger_config.el_gl_account_part_description
    (id, language_code, value, gl_account_part_id)
VALUES (8, 'en', 'Goods and Service Tax (POS)', 8);
INSERT INTO eledger_config.el_gl_account_part_description
    (id, language_code, value, gl_account_part_id)
VALUES (9, 'en', 'Goods and Service Tax (POS)', 9);
INSERT INTO eledger_config.el_gl_account_part_description
    (id, language_code, value, gl_account_part_id)
VALUES (10, 'en', 'Excise', 10);
INSERT INTO eledger_config.el_gl_account_part_description
    (id, language_code, value, gl_account_part_id)
VALUES (11, 'en', 'Excise Equalization  Tax', 11);
INSERT INTO eledger_config.el_gl_account_part_description
    (id, language_code, value, gl_account_part_id)
VALUES (12, 'en', 'Excise Equalization  Tax(POE)', 12);
INSERT INTO eledger_config.el_gl_account_part_description
    (id, language_code, value, gl_account_part_id)
VALUES (13, 'en', 'Excise Equalization  Tax(POE)', 13);
INSERT INTO eledger_config.el_gl_account_part_description
    (id, language_code, value, gl_account_part_id)
VALUES (14, 'en', 'Excise Equalization  Tax(POS)', 14);
INSERT INTO eledger_config.el_gl_account_part_description
    (id, language_code, value, gl_account_part_id)
VALUES (15, 'en', 'Excise Equalization  Tax(POS)', 15);
INSERT INTO eledger_config.el_gl_account_part_description
    (id, language_code, value, gl_account_part_id)
VALUES (16, 'en', 'Non-Rev', 16);
INSERT INTO eledger_config.el_gl_account_part_description
    (id, language_code, value, gl_account_part_id)
VALUES (19, 'en', 'Goods and Service Tax (Pen.,Int)', 19);
INSERT INTO eledger_config.el_gl_account_part_description
    (id, language_code, value, gl_account_part_id)
VALUES (20, 'en', 'Interest (GST)', 20);
INSERT INTO eledger_config.el_gl_account_part_description
    (id, language_code, value, gl_account_part_id)
VALUES (21, 'en', 'Fines and Penalties (GST)', 21);
INSERT INTO eledger_config.el_gl_account_part_description
    (id, language_code, value, gl_account_part_id)
VALUES (22, 'en', 'Excise Equalization  Tax(Pen.,Int.)', 22);
INSERT INTO eledger_config.el_gl_account_part_description
    (id, language_code, value, gl_account_part_id)
VALUES (23, 'en', 'Interest (EET)', 23);
INSERT INTO eledger_config.el_gl_account_part_description
    (id, language_code, value, gl_account_part_id)
VALUES (24, 'en', 'Fines and Penalties (EET)', 24);

INSERT INTO eledger_config.el_gl_account
(id, code, creation_date_time, last_modification_date_time, gl_account_last_part_id)
VALUES (1, '11411010020', '2021-11-22 02:47:56.287', '2021-11-22 02:47:56.287', 7);
INSERT INTO eledger_config.el_gl_account
(id, code, creation_date_time, last_modification_date_time, gl_account_last_part_id)
VALUES (2, '11411020001', '2021-11-22 02:50:20.676', '2021-11-22 02:50:20.676', 9);
INSERT INTO eledger_config.el_gl_account
(id, code, creation_date_time, last_modification_date_time, gl_account_last_part_id)
VALUES (3, '11421010020', '2021-11-22 02:52:56.434', '2021-11-22 02:52:56.434', 13);
INSERT INTO eledger_config.el_gl_account
(id, code, creation_date_time, last_modification_date_time, gl_account_last_part_id)
VALUES (4, '11421020020', '2021-11-22 02:56:30.002', '2021-11-22 02:56:30.002', 15);
INSERT INTO eledger_config.el_gl_account
(id, code, creation_date_time, last_modification_date_time, gl_account_last_part_id)
VALUES (5, '11411990001', '2021-11-22 22:24:52.828', '2021-11-22 22:24:52.828', 20);
INSERT INTO eledger_config.el_gl_account
(id, code, creation_date_time, last_modification_date_time, gl_account_last_part_id)
VALUES (6, '11411990002', '2021-11-22 22:25:59.817', '2021-11-22 22:25:59.817', 21);
INSERT INTO eledger_config.el_gl_account
(id, code, creation_date_time, last_modification_date_time, gl_account_last_part_id)
VALUES (7, '11421990001', '2021-11-22 22:28:48.242', '2021-11-22 22:28:48.242', 23);
INSERT INTO eledger_config.el_gl_account
(id, code, creation_date_time, last_modification_date_time, gl_account_last_part_id)
VALUES (8, '11421990002', '2021-11-22 22:29:50.565', '2021-11-22 22:29:50.565', 24);

INSERT INTO eledger_config.el_gl_account_description
    (id, language_code, value, gl_account_id)
VALUES (1, 'en', 'Goods and Service Tax (POE)', 1);
INSERT INTO eledger_config.el_gl_account_description
    (id, language_code, value, gl_account_id)
VALUES (2, 'en', 'Goods and Service Tax (POS)', 2);
INSERT INTO eledger_config.el_gl_account_description
    (id, language_code, value, gl_account_id)
VALUES (3, 'en', 'Excise Equalization  Tax(POE)', 3);
INSERT INTO eledger_config.el_gl_account_description
    (id, language_code, value, gl_account_id)
VALUES (4, 'en', 'Excise Equalization  Tax(POS)', 4);
INSERT INTO eledger_config.el_gl_account_description
    (id, language_code, value, gl_account_id)
VALUES (5, 'en', 'Interest (GST)', 5);
INSERT INTO eledger_config.el_gl_account_description
    (id, language_code, value, gl_account_id)
VALUES (6, 'en', 'Fines and Penalties (GST)', 6);
INSERT INTO eledger_config.el_gl_account_description
    (id, language_code, value, gl_account_id)
VALUES (7, 'en', 'Interest (EET)', 7);
INSERT INTO eledger_config.el_gl_account_description
    (id, language_code, value, gl_account_id)
VALUES (8, 'en', 'Fines and Penalties (EET)', 8);

ALTER SEQUENCE eledger_config.el_gl_account_id_seq RESTART WITH 1000;
ALTER SEQUENCE eledger_config.el_gl_account_description_id_seq RESTART WITH 1000;
ALTER SEQUENCE eledger_config.el_gl_account_part_id_seq RESTART WITH 1000;
ALTER SEQUENCE eledger_config.el_gl_account_part_description_id_seq RESTART WITH 1000;


------------------------------------------------------------------------------------------------------------------------------------

/*
	truncate table public.revision cascade;
*/

------------------------------------------------------------------------------------------------------------------------------------

insert into public.revision (id, "timestamp", username)
values (1, (SELECT EXTRACT(EPOCH FROM current_timestamp) * 1000), 'system');
insert into eledger_config.el_gl_account_part_aud
select 1, null::bigint, 0 rev_type, p.*
from eledger_config.el_gl_account_part p
where id = 1;

insert into public.revision (id, "timestamp", username)
values (2, (SELECT EXTRACT(EPOCH FROM current_timestamp) * 1000), 'system');
insert into eledger_config.el_gl_account_part_aud
select 2, null::bigint, 0 rev_type, p.*
from eledger_config.el_gl_account_part p
where id = 2;

insert into public.revision (id, "timestamp", username)
values (3, (SELECT EXTRACT(EPOCH FROM current_timestamp) * 1000), 'system');
insert into eledger_config.el_gl_account_part_aud
select 3, null::bigint, 0 rev_type, p.*
from eledger_config.el_gl_account_part p
where id = 3;

insert into public.revision (id, "timestamp", username)
values (4, (SELECT EXTRACT(EPOCH FROM current_timestamp) * 1000), 'system');
insert into eledger_config.el_gl_account_part_aud
select 4, null::bigint, 0 rev_type, p.*
from eledger_config.el_gl_account_part p
where id = 4;

insert into public.revision (id, "timestamp", username)
values (5, (SELECT EXTRACT(EPOCH FROM current_timestamp) * 1000), 'system');
insert into eledger_config.el_gl_account_part_aud
select 5, null::bigint, 0 rev_type, p.*
from eledger_config.el_gl_account_part p
where id = 5;

insert into public.revision (id, "timestamp", username)
values (6, (SELECT EXTRACT(EPOCH FROM current_timestamp) * 1000), 'system');
insert into eledger_config.el_gl_account_part_aud
select 6, null::bigint, 0 rev_type, p.*
from eledger_config.el_gl_account_part p
where id = 6;

insert into public.revision (id, "timestamp", username)
values (7, (SELECT EXTRACT(EPOCH FROM current_timestamp) * 1000), 'system');
insert into eledger_config.el_gl_account_part_aud
select 7, null::bigint, 0 rev_type, p.*
from eledger_config.el_gl_account_part p
where id = 7;

insert into public.revision (id, "timestamp", username)
values (8, (SELECT EXTRACT(EPOCH FROM current_timestamp) * 1000), 'system');
insert into eledger_config.el_gl_account_part_aud
select 8, null::bigint, 0 rev_type, p.*
from eledger_config.el_gl_account_part p
where id = 8;

insert into public.revision (id, "timestamp", username)
values (9, (SELECT EXTRACT(EPOCH FROM current_timestamp) * 1000), 'system');
insert into eledger_config.el_gl_account_part_aud
select 9, null::bigint, 0 rev_type, p.*
from eledger_config.el_gl_account_part p
where id = 9;

insert into public.revision (id, "timestamp", username)
values (10, (SELECT EXTRACT(EPOCH FROM current_timestamp) * 1000), 'system');
insert into eledger_config.el_gl_account_part_aud
select 10, null::bigint, 0 rev_type, p.*
from eledger_config.el_gl_account_part p
where id = 10;

insert into public.revision (id, "timestamp", username)
values (11, (SELECT EXTRACT(EPOCH FROM current_timestamp) * 1000), 'system');
insert into eledger_config.el_gl_account_part_aud
select 11, null::bigint, 0 rev_type, p.*
from eledger_config.el_gl_account_part p
where id = 11;

insert into public.revision (id, "timestamp", username)
values (12, (SELECT EXTRACT(EPOCH FROM current_timestamp) * 1000), 'system');
insert into eledger_config.el_gl_account_part_aud
select 12, null::bigint, 0 rev_type, p.*
from eledger_config.el_gl_account_part p
where id = 12;

insert into public.revision (id, "timestamp", username)
values (13, (SELECT EXTRACT(EPOCH FROM current_timestamp) * 1000), 'system');
insert into eledger_config.el_gl_account_part_aud
select 13, null::bigint, 0 rev_type, p.*
from eledger_config.el_gl_account_part p
where id = 13;

insert into public.revision (id, "timestamp", username)
values (14, (SELECT EXTRACT(EPOCH FROM current_timestamp) * 1000), 'system');
insert into eledger_config.el_gl_account_part_aud
select 14, null::bigint, 0 rev_type, p.*
from eledger_config.el_gl_account_part p
where id = 14;

insert into public.revision (id, "timestamp", username)
values (15, (SELECT EXTRACT(EPOCH FROM current_timestamp) * 1000), 'system');
insert into eledger_config.el_gl_account_part_aud
select 15, null::bigint, 0 rev_type, p.*
from eledger_config.el_gl_account_part p
where id = 15;

insert into public.revision (id, "timestamp", username)
values (16, (SELECT EXTRACT(EPOCH FROM current_timestamp) * 1000), 'system');
insert into eledger_config.el_gl_account_part_aud
select 16, null::bigint, 0 rev_type, p.*
from eledger_config.el_gl_account_part p
where id = 16;

insert into public.revision (id, "timestamp", username)
values (19, (SELECT EXTRACT(EPOCH FROM current_timestamp) * 1000), 'system');
insert into eledger_config.el_gl_account_part_aud
select 19, null::bigint, 0 rev_type, p.*
from eledger_config.el_gl_account_part p
where id = 19;

insert into public.revision (id, "timestamp", username)
values (20, (SELECT EXTRACT(EPOCH FROM current_timestamp) * 1000), 'system');
insert into eledger_config.el_gl_account_part_aud
select 20, null::bigint, 0 rev_type, p.*
from eledger_config.el_gl_account_part p
where id = 20;

insert into public.revision (id, "timestamp", username)
values (21, (SELECT EXTRACT(EPOCH FROM current_timestamp) * 1000), 'system');
insert into eledger_config.el_gl_account_part_aud
select 21, null::bigint, 0 rev_type, p.*
from eledger_config.el_gl_account_part p
where id = 21;

insert into public.revision (id, "timestamp", username)
values (22, (SELECT EXTRACT(EPOCH FROM current_timestamp) * 1000), 'system');
insert into eledger_config.el_gl_account_part_aud
select 22, null::bigint, 0 rev_type, p.*
from eledger_config.el_gl_account_part p
where id = 22;

insert into public.revision (id, "timestamp", username)
values (23, (SELECT EXTRACT(EPOCH FROM current_timestamp) * 1000), 'system');
insert into eledger_config.el_gl_account_part_aud
select 23, null::bigint, 0 rev_type, p.*
from eledger_config.el_gl_account_part p
where id = 23;

insert into public.revision (id, "timestamp", username)
values (24, (SELECT EXTRACT(EPOCH FROM current_timestamp) * 1000), 'system');
insert into eledger_config.el_gl_account_part_aud
select 24, null::bigint, 0 rev_type, p.*
from eledger_config.el_gl_account_part p
where id = 24;

------------------------------------------------------------------------------------------------------------------------------------

insert into public.revision (id, "timestamp", username)
values (25, (SELECT EXTRACT(EPOCH FROM current_timestamp) * 1000), 'system');
insert into eledger_config.el_gl_account_aud
select 25, null::bigint, 0 rev_type, p.*
from eledger_config.el_gl_account p
where id = 1;

insert into public.revision (id, "timestamp", username)
values (26, (SELECT EXTRACT(EPOCH FROM current_timestamp) * 1000), 'system');
insert into eledger_config.el_gl_account_aud
select 26, null::bigint, 0 rev_type, p.*
from eledger_config.el_gl_account p
where id = 2;

insert into public.revision (id, "timestamp", username)
values (27, (SELECT EXTRACT(EPOCH FROM current_timestamp) * 1000), 'system');
insert into eledger_config.el_gl_account_aud
select 27, null::bigint, 0 rev_type, p.*
from eledger_config.el_gl_account p
where id = 3;

insert into public.revision (id, "timestamp", username)
values (28, (SELECT EXTRACT(EPOCH FROM current_timestamp) * 1000), 'system');
insert into eledger_config.el_gl_account_aud
select 28, null::bigint, 0 rev_type, p.*
from eledger_config.el_gl_account p
where id = 4;

insert into public.revision (id, "timestamp", username)
values (29, (SELECT EXTRACT(EPOCH FROM current_timestamp) * 1000), 'system');
insert into eledger_config.el_gl_account_aud
select 29, null::bigint, 0 rev_type, p.*
from eledger_config.el_gl_account p
where id = 5;

insert into public.revision (id, "timestamp", username)
values (30, (SELECT EXTRACT(EPOCH FROM current_timestamp) * 1000), 'system');
insert into eledger_config.el_gl_account_aud
select 30, null::bigint, 0 rev_type, p.*
from eledger_config.el_gl_account p
where id = 6;

insert into public.revision (id, "timestamp", username)
values (31, (SELECT EXTRACT(EPOCH FROM current_timestamp) * 1000), 'system');
insert into eledger_config.el_gl_account_aud
select 31, null::bigint, 0 rev_type, p.*
from eledger_config.el_gl_account p
where id = 7;

insert into public.revision (id, "timestamp", username)
values (32, (SELECT EXTRACT(EPOCH FROM current_timestamp) * 1000), 'system');
insert into eledger_config.el_gl_account_aud
select 32, null::bigint, 0 rev_type, p.*
from eledger_config.el_gl_account p
where id = 8;

------------------------------------------------------------------------------------------------------------------------------------

insert into eledger_config.el_gl_account_part_description_aud
select 1, null::bigint, 0 rev_type, p.*
from eledger_config.el_gl_account_part_description p
where id = 1;

insert into eledger_config.el_gl_account_part_description_aud
select 2, null::bigint, 0 rev_type, p.*
from eledger_config.el_gl_account_part_description p
where id = 2;

insert into eledger_config.el_gl_account_part_description_aud
select 3, null::bigint, 0 rev_type, p.*
from eledger_config.el_gl_account_part_description p
where id = 3;

insert into eledger_config.el_gl_account_part_description_aud
select 4, null::bigint, 0 rev_type, p.*
from eledger_config.el_gl_account_part_description p
where id = 4;

insert into eledger_config.el_gl_account_part_description_aud
select 5, null::bigint, 0 rev_type, p.*
from eledger_config.el_gl_account_part_description p
where id = 5;

insert into eledger_config.el_gl_account_part_description_aud
select 6, null::bigint, 0 rev_type, p.*
from eledger_config.el_gl_account_part_description p
where id = 6;

insert into eledger_config.el_gl_account_part_description_aud
select 7, null::bigint, 0 rev_type, p.*
from eledger_config.el_gl_account_part_description p
where id = 7;

insert into eledger_config.el_gl_account_part_description_aud
select 8, null::bigint, 0 rev_type, p.*
from eledger_config.el_gl_account_part_description p
where id = 8;

insert into eledger_config.el_gl_account_part_description_aud
select 9, null::bigint, 0 rev_type, p.*
from eledger_config.el_gl_account_part_description p
where id = 9;

insert into eledger_config.el_gl_account_part_description_aud
select 10, null::bigint, 0 rev_type, p.*
from eledger_config.el_gl_account_part_description p
where id = 10;

insert into eledger_config.el_gl_account_part_description_aud
select 11, null::bigint, 0 rev_type, p.*
from eledger_config.el_gl_account_part_description p
where id = 11;

insert into eledger_config.el_gl_account_part_description_aud
select 12, null::bigint, 0 rev_type, p.*
from eledger_config.el_gl_account_part_description p
where id = 12;

insert into eledger_config.el_gl_account_part_description_aud
select 13, null::bigint, 0 rev_type, p.*
from eledger_config.el_gl_account_part_description p
where id = 13;

insert into eledger_config.el_gl_account_part_description_aud
select 14, null::bigint, 0 rev_type, p.*
from eledger_config.el_gl_account_part_description p
where id = 14;

insert into eledger_config.el_gl_account_part_description_aud
select 15, null::bigint, 0 rev_type, p.*
from eledger_config.el_gl_account_part_description p
where id = 15;

insert into eledger_config.el_gl_account_part_description_aud
select 16, null::bigint, 0 rev_type, p.*
from eledger_config.el_gl_account_part_description p
where id = 16;

insert into eledger_config.el_gl_account_part_description_aud
select 19, null::bigint, 0 rev_type, p.*
from eledger_config.el_gl_account_part_description p
where id = 19;

insert into eledger_config.el_gl_account_part_description_aud
select 20, null::bigint, 0 rev_type, p.*
from eledger_config.el_gl_account_part_description p
where id = 20;

insert into eledger_config.el_gl_account_part_description_aud
select 21, null::bigint, 0 rev_type, p.*
from eledger_config.el_gl_account_part_description p
where id = 21;

insert into eledger_config.el_gl_account_part_description_aud
select 22, null::bigint, 0 rev_type, p.*
from eledger_config.el_gl_account_part_description p
where id = 22;

insert into eledger_config.el_gl_account_part_description_aud
select 23, null::bigint, 0 rev_type, p.*
from eledger_config.el_gl_account_part_description p
where id = 23;

insert into eledger_config.el_gl_account_part_description_aud
select 24, null::bigint, 0 rev_type, p.*
from eledger_config.el_gl_account_part_description p
where id = 24;

------------------------------------------------------------------------------------------------------------------------------------

insert into eledger_config.el_gl_account_description_aud
select 25, null::bigint, 0 rev_type, p.*
from eledger_config.el_gl_account_description p
where id = 1;

insert into eledger_config.el_gl_account_description_aud
select 26, null::bigint, 0 rev_type, p.*
from eledger_config.el_gl_account_description p
where id = 2;

insert into eledger_config.el_gl_account_description_aud
select 27, null::bigint, 0 rev_type, p.*
from eledger_config.el_gl_account_description p
where id = 3;

insert into eledger_config.el_gl_account_description_aud
select 28, null::bigint, 0 rev_type, p.*
from eledger_config.el_gl_account_description p
where id = 4;

insert into eledger_config.el_gl_account_description_aud
select 29, null::bigint, 0 rev_type, p.*
from eledger_config.el_gl_account_description p
where id = 5;

insert into eledger_config.el_gl_account_description_aud
select 30, null::bigint, 0 rev_type, p.*
from eledger_config.el_gl_account_description p
where id = 6;

insert into eledger_config.el_gl_account_description_aud
select 31, null::bigint, 0 rev_type, p.*
from eledger_config.el_gl_account_description p
where id = 7;

insert into eledger_config.el_gl_account_description_aud
select 32, null::bigint, 0 rev_type, p.*
from eledger_config.el_gl_account_description p
where id = 8;

------------------------------------------------------------------------------------------------------------------------------------

ALTER SEQUENCE public.revision_id_seq RESTART WITH 2000;

------------------------------------------------------------------------------------------------------------------------------------


